BEGIN TRANSACTION;
INSERT INTO "Cliente" ("id_cliente","nome","cpf","data_nascimento","genero") VALUES (1,'Ana Silva',12345678900,'1990-05-12','F');
INSERT INTO "Cliente" ("id_cliente","nome","cpf","data_nascimento","genero") VALUES (2,'Bruno Lima',22345678900,'1985-04-20','M');
INSERT INTO "Cliente" ("id_cliente","nome","cpf","data_nascimento","genero") VALUES (3,'Carla Souza',32345678900,'1992-11-10','F');
INSERT INTO "Cliente" ("id_cliente","nome","cpf","data_nascimento","genero") VALUES (4,'Daniel Rocha',42345678900,'1988-03-14','M');
INSERT INTO "Cliente" ("id_cliente","nome","cpf","data_nascimento","genero") VALUES (5,'Eduarda Melo',52345678900,'1995-06-02','F');
INSERT INTO "Cliente" ("id_cliente","nome","cpf","data_nascimento","genero") VALUES (6,'Fábio Pires',62345678900,'1979-09-27','M');
INSERT INTO "Cliente" ("id_cliente","nome","cpf","data_nascimento","genero") VALUES (7,'Gabriela Nunes',72345678900,'1983-08-15','F');
INSERT INTO "Cliente" ("id_cliente","nome","cpf","data_nascimento","genero") VALUES (8,'Henrique Borges',82345678900,'1997-01-03','M');
INSERT INTO "Cliente" ("id_cliente","nome","cpf","data_nascimento","genero") VALUES (9,'Isabela Teixeira',92345678900,'1991-07-30','F');
INSERT INTO "Cliente" ("id_cliente","nome","cpf","data_nascimento","genero") VALUES (10,'João Vitor',10234567890,'1980-02-18','M');
INSERT INTO "Cliente" ("id_cliente","nome","cpf","data_nascimento","genero") VALUES (11,'Karen Ramos',11234567890,'1987-12-12','F');
INSERT INTO "Cliente" ("id_cliente","nome","cpf","data_nascimento","genero") VALUES (12,'Lucas Fernandes',12234567890,'1993-05-05','M');
INSERT INTO "Cliente" ("id_cliente","nome","cpf","data_nascimento","genero") VALUES (13,'Mariana Dias',13234567890,'1994-03-22','F');
INSERT INTO "Cliente" ("id_cliente","nome","cpf","data_nascimento","genero") VALUES (14,'Nicolas Alves',14234567890,'1986-01-25','M');
INSERT INTO "Cliente" ("id_cliente","nome","cpf","data_nascimento","genero") VALUES (15,'Olivia Martins',15234567890,'1999-08-19','F');
INSERT INTO "Cliente" ("id_cliente","nome","cpf","data_nascimento","genero") VALUES (16,'Paulo Henrique',16234567890,'1978-10-11','M');
INSERT INTO "Cliente" ("id_cliente","nome","cpf","data_nascimento","genero") VALUES (17,'Quésia Lopes',17234567890,'1989-06-07','F');
INSERT INTO "Cliente" ("id_cliente","nome","cpf","data_nascimento","genero") VALUES (19,'Sara Monteiro',19234567890,'1990-04-04','F');
INSERT INTO "Cliente" ("id_cliente","nome","cpf","data_nascimento","genero") VALUES (20,'Thiago Souza',20234567890,'1984-09-01','M');
INSERT INTO "EnderecoCliente" ("id_endereco_cliente","id_cliente","logradouro","id_cidade","id_estado","id_pais") VALUES (1,1,'Rua A',101,11,1);
INSERT INTO "EnderecoCliente" ("id_endereco_cliente","id_cliente","logradouro","id_cidade","id_estado","id_pais") VALUES (2,2,'Rua B',102,11,1);
INSERT INTO "EnderecoCliente" ("id_endereco_cliente","id_cliente","logradouro","id_cidade","id_estado","id_pais") VALUES (3,3,'Rua C',103,12,1);
INSERT INTO "EnderecoCliente" ("id_endereco_cliente","id_cliente","logradouro","id_cidade","id_estado","id_pais") VALUES (4,4,'Rua D',104,12,1);
INSERT INTO "EnderecoCliente" ("id_endereco_cliente","id_cliente","logradouro","id_cidade","id_estado","id_pais") VALUES (5,5,'Rua E',105,13,1);
INSERT INTO "EnderecoCliente" ("id_endereco_cliente","id_cliente","logradouro","id_cidade","id_estado","id_pais") VALUES (6,6,'Rua F',106,13,1);
INSERT INTO "EnderecoCliente" ("id_endereco_cliente","id_cliente","logradouro","id_cidade","id_estado","id_pais") VALUES (7,7,'Rua G',107,14,1);
INSERT INTO "EnderecoCliente" ("id_endereco_cliente","id_cliente","logradouro","id_cidade","id_estado","id_pais") VALUES (8,8,'Rua H',108,14,1);
INSERT INTO "EnderecoCliente" ("id_endereco_cliente","id_cliente","logradouro","id_cidade","id_estado","id_pais") VALUES (9,9,'Rua I',109,15,1);
INSERT INTO "EnderecoCliente" ("id_endereco_cliente","id_cliente","logradouro","id_cidade","id_estado","id_pais") VALUES (10,10,'Rua J',110,15,1);
INSERT INTO "EnderecoCliente" ("id_endereco_cliente","id_cliente","logradouro","id_cidade","id_estado","id_pais") VALUES (11,11,'Rua K',111,16,1);
INSERT INTO "EnderecoCliente" ("id_endereco_cliente","id_cliente","logradouro","id_cidade","id_estado","id_pais") VALUES (12,12,'Rua L',112,16,1);
INSERT INTO "EnderecoCliente" ("id_endereco_cliente","id_cliente","logradouro","id_cidade","id_estado","id_pais") VALUES (13,13,'Rua M',113,17,1);
INSERT INTO "EnderecoCliente" ("id_endereco_cliente","id_cliente","logradouro","id_cidade","id_estado","id_pais") VALUES (14,14,'Rua N',114,17,1);
INSERT INTO "EnderecoCliente" ("id_endereco_cliente","id_cliente","logradouro","id_cidade","id_estado","id_pais") VALUES (15,15,'Rua O',115,18,1);
INSERT INTO "EnderecoCliente" ("id_endereco_cliente","id_cliente","logradouro","id_cidade","id_estado","id_pais") VALUES (16,16,'Rua P',116,18,1);
INSERT INTO "EnderecoCliente" ("id_endereco_cliente","id_cliente","logradouro","id_cidade","id_estado","id_pais") VALUES (17,17,'Rua Q',117,19,1);
INSERT INTO "EnderecoCliente" ("id_endereco_cliente","id_cliente","logradouro","id_cidade","id_estado","id_pais") VALUES (18,18,'Rua R',118,19,1);
INSERT INTO "EnderecoCliente" ("id_endereco_cliente","id_cliente","logradouro","id_cidade","id_estado","id_pais") VALUES (19,19,'Rua S',119,20,1);
INSERT INTO "EnderecoCliente" ("id_endereco_cliente","id_cliente","logradouro","id_cidade","id_estado","id_pais") VALUES (20,20,'Rua T',120,20,1);
INSERT INTO "ItemPedido" ("id_item_pedido","id_pedido","id_trufa","quantidade","total_pedido") VALUES (1,1,1,2,5.0);
INSERT INTO "ItemPedido" ("id_item_pedido","id_pedido","id_trufa","quantidade","total_pedido") VALUES (2,2,2,3,8.1);
INSERT INTO "ItemPedido" ("id_item_pedido","id_pedido","id_trufa","quantidade","total_pedido") VALUES (3,3,3,1,2.6);
INSERT INTO "ItemPedido" ("id_item_pedido","id_pedido","id_trufa","quantidade","total_pedido") VALUES (4,4,4,4,11.2);
INSERT INTO "ItemPedido" ("id_item_pedido","id_pedido","id_trufa","quantidade","total_pedido") VALUES (5,5,5,2,6.0);
INSERT INTO "ItemPedido" ("id_item_pedido","id_pedido","id_trufa","quantidade","total_pedido") VALUES (6,6,6,1,2.9);
INSERT INTO "ItemPedido" ("id_item_pedido","id_pedido","id_trufa","quantidade","total_pedido") VALUES (7,7,7,3,9.6);
INSERT INTO "ItemPedido" ("id_item_pedido","id_pedido","id_trufa","quantidade","total_pedido") VALUES (8,8,8,2,6.8);
INSERT INTO "ItemPedido" ("id_item_pedido","id_pedido","id_trufa","quantidade","total_pedido") VALUES (9,9,9,1,3.1);
INSERT INTO "ItemPedido" ("id_item_pedido","id_pedido","id_trufa","quantidade","total_pedido") VALUES (10,10,10,5,16.5);
INSERT INTO "ItemPedido" ("id_item_pedido","id_pedido","id_trufa","quantidade","total_pedido") VALUES (11,11,11,2,5.0);
INSERT INTO "ItemPedido" ("id_item_pedido","id_pedido","id_trufa","quantidade","total_pedido") VALUES (12,12,12,3,8.1);
INSERT INTO "ItemPedido" ("id_item_pedido","id_pedido","id_trufa","quantidade","total_pedido") VALUES (13,13,13,1,3.5);
INSERT INTO "ItemPedido" ("id_item_pedido","id_pedido","id_trufa","quantidade","total_pedido") VALUES (14,14,14,2,7.2);
INSERT INTO "ItemPedido" ("id_item_pedido","id_pedido","id_trufa","quantidade","total_pedido") VALUES (15,15,15,1,3.8);
INSERT INTO "ItemPedido" ("id_item_pedido","id_pedido","id_trufa","quantidade","total_pedido") VALUES (16,16,16,2,5.8);
INSERT INTO "ItemPedido" ("id_item_pedido","id_pedido","id_trufa","quantidade","total_pedido") VALUES (17,17,17,1,3.0);
INSERT INTO "ItemPedido" ("id_item_pedido","id_pedido","id_trufa","quantidade","total_pedido") VALUES (18,18,18,3,9.3);
INSERT INTO "ItemPedido" ("id_item_pedido","id_pedido","id_trufa","quantidade","total_pedido") VALUES (19,19,19,1,2.6);
INSERT INTO "ItemPedido" ("id_item_pedido","id_pedido","id_trufa","quantidade","total_pedido") VALUES (20,20,20,2,6.4);
INSERT INTO "Pedido" ("id_pedido","id_cliente","data_pedido") VALUES (1,1,'2025-07-01');
INSERT INTO "Pedido" ("id_pedido","id_cliente","data_pedido") VALUES (2,2,'2025-07-02');
INSERT INTO "Pedido" ("id_pedido","id_cliente","data_pedido") VALUES (3,3,'2025-07-03');
INSERT INTO "Pedido" ("id_pedido","id_cliente","data_pedido") VALUES (4,4,'2025-07-04');
INSERT INTO "Pedido" ("id_pedido","id_cliente","data_pedido") VALUES (5,5,'2025-07-05');
INSERT INTO "Pedido" ("id_pedido","id_cliente","data_pedido") VALUES (6,6,'2025-07-06');
INSERT INTO "Pedido" ("id_pedido","id_cliente","data_pedido") VALUES (7,7,'2025-07-07');
INSERT INTO "Pedido" ("id_pedido","id_cliente","data_pedido") VALUES (8,8,'2025-07-08');
INSERT INTO "Pedido" ("id_pedido","id_cliente","data_pedido") VALUES (9,9,'2025-07-09');
INSERT INTO "Pedido" ("id_pedido","id_cliente","data_pedido") VALUES (10,10,'2025-07-10');
INSERT INTO "Pedido" ("id_pedido","id_cliente","data_pedido") VALUES (11,11,'2025-07-11');
INSERT INTO "Pedido" ("id_pedido","id_cliente","data_pedido") VALUES (12,12,'2025-07-12');
INSERT INTO "Pedido" ("id_pedido","id_cliente","data_pedido") VALUES (13,13,'2025-07-13');
INSERT INTO "Pedido" ("id_pedido","id_cliente","data_pedido") VALUES (14,14,'2025-07-14');
INSERT INTO "Pedido" ("id_pedido","id_cliente","data_pedido") VALUES (15,15,'2025-07-15');
INSERT INTO "Pedido" ("id_pedido","id_cliente","data_pedido") VALUES (16,16,'2025-07-16');
INSERT INTO "Pedido" ("id_pedido","id_cliente","data_pedido") VALUES (17,17,'2025-07-17');
INSERT INTO "Pedido" ("id_pedido","id_cliente","data_pedido") VALUES (18,18,'2025-07-18');
INSERT INTO "Pedido" ("id_pedido","id_cliente","data_pedido") VALUES (19,19,'2025-07-19');
INSERT INTO "Pedido" ("id_pedido","id_cliente","data_pedido") VALUES (20,20,'2025-07-20');
INSERT INTO "SaborTrufa" ("id_sabor_trufa","sabor") VALUES (1,'Morango');
INSERT INTO "SaborTrufa" ("id_sabor_trufa","sabor") VALUES (2,'Maracujá');
INSERT INTO "SaborTrufa" ("id_sabor_trufa","sabor") VALUES (3,'Limão');
INSERT INTO "SaborTrufa" ("id_sabor_trufa","sabor") VALUES (4,'Amendoim');
INSERT INTO "SaborTrufa" ("id_sabor_trufa","sabor") VALUES (5,'Coco');
INSERT INTO "SaborTrufa" ("id_sabor_trufa","sabor") VALUES (6,'Menta');
INSERT INTO "SaborTrufa" ("id_sabor_trufa","sabor") VALUES (7,'Capuccino');
INSERT INTO "SaborTrufa" ("id_sabor_trufa","sabor") VALUES (8,'Café');
INSERT INTO "SaborTrufa" ("id_sabor_trufa","sabor") VALUES (9,'Cereja');
INSERT INTO "SaborTrufa" ("id_sabor_trufa","sabor") VALUES (10,'Frutas Vermelhas');
INSERT INTO "SaborTrufa" ("id_sabor_trufa","sabor") VALUES (11,'Chocolate');
INSERT INTO "SaborTrufa" ("id_sabor_trufa","sabor") VALUES (12,'Baunilha');
INSERT INTO "SaborTrufa" ("id_sabor_trufa","sabor") VALUES (13,'Avelã');
INSERT INTO "SaborTrufa" ("id_sabor_trufa","sabor") VALUES (14,'Pistache');
INSERT INTO "SaborTrufa" ("id_sabor_trufa","sabor") VALUES (15,'Caramelo');
INSERT INTO "SaborTrufa" ("id_sabor_trufa","sabor") VALUES (16,'Leite Condensado');
INSERT INTO "SaborTrufa" ("id_sabor_trufa","sabor") VALUES (17,'Romeu e Julieta');
INSERT INTO "SaborTrufa" ("id_sabor_trufa","sabor") VALUES (18,'Doce de Leite');
INSERT INTO "SaborTrufa" ("id_sabor_trufa","sabor") VALUES (19,'Laranja');
INSERT INTO "SaborTrufa" ("id_sabor_trufa","sabor") VALUES (20,'Uva');
INSERT INTO "TelefoneCliente" ("id_telefone_cliente","id_cliente","codigo_pais","ddd","telefone") VALUES (1,1,55,11,912345678);
INSERT INTO "TelefoneCliente" ("id_telefone_cliente","id_cliente","codigo_pais","ddd","telefone") VALUES (2,2,55,11,923456789);
INSERT INTO "TelefoneCliente" ("id_telefone_cliente","id_cliente","codigo_pais","ddd","telefone") VALUES (3,3,55,21,934567890);
INSERT INTO "TelefoneCliente" ("id_telefone_cliente","id_cliente","codigo_pais","ddd","telefone") VALUES (4,4,55,21,945678901);
INSERT INTO "TelefoneCliente" ("id_telefone_cliente","id_cliente","codigo_pais","ddd","telefone") VALUES (5,5,55,31,956789012);
INSERT INTO "TelefoneCliente" ("id_telefone_cliente","id_cliente","codigo_pais","ddd","telefone") VALUES (6,6,55,31,967890123);
INSERT INTO "TelefoneCliente" ("id_telefone_cliente","id_cliente","codigo_pais","ddd","telefone") VALUES (7,7,55,41,978901234);
INSERT INTO "TelefoneCliente" ("id_telefone_cliente","id_cliente","codigo_pais","ddd","telefone") VALUES (8,8,55,41,989012345);
INSERT INTO "TelefoneCliente" ("id_telefone_cliente","id_cliente","codigo_pais","ddd","telefone") VALUES (9,9,55,51,990123456);
INSERT INTO "TelefoneCliente" ("id_telefone_cliente","id_cliente","codigo_pais","ddd","telefone") VALUES (10,10,55,51,901234567);
INSERT INTO "TelefoneCliente" ("id_telefone_cliente","id_cliente","codigo_pais","ddd","telefone") VALUES (11,11,55,61,912345679);
INSERT INTO "TelefoneCliente" ("id_telefone_cliente","id_cliente","codigo_pais","ddd","telefone") VALUES (12,12,55,61,923456780);
INSERT INTO "TelefoneCliente" ("id_telefone_cliente","id_cliente","codigo_pais","ddd","telefone") VALUES (13,13,55,71,934567891);
INSERT INTO "TelefoneCliente" ("id_telefone_cliente","id_cliente","codigo_pais","ddd","telefone") VALUES (14,14,55,71,945678902);
INSERT INTO "TelefoneCliente" ("id_telefone_cliente","id_cliente","codigo_pais","ddd","telefone") VALUES (15,15,55,81,956789013);
INSERT INTO "TelefoneCliente" ("id_telefone_cliente","id_cliente","codigo_pais","ddd","telefone") VALUES (16,16,55,81,967890124);
INSERT INTO "TelefoneCliente" ("id_telefone_cliente","id_cliente","codigo_pais","ddd","telefone") VALUES (17,17,55,91,978901235);
INSERT INTO "TelefoneCliente" ("id_telefone_cliente","id_cliente","codigo_pais","ddd","telefone") VALUES (18,18,55,91,989012346);
INSERT INTO "TelefoneCliente" ("id_telefone_cliente","id_cliente","codigo_pais","ddd","telefone") VALUES (19,19,55,95,990123457);
INSERT INTO "TelefoneCliente" ("id_telefone_cliente","id_cliente","codigo_pais","ddd","telefone") VALUES (20,20,55,95,901234568);
INSERT INTO "TipoTrufa" ("id_tipo_trufa","tipo_trufa") VALUES (1,'Ao Leite');
INSERT INTO "TipoTrufa" ("id_tipo_trufa","tipo_trufa") VALUES (2,'Meio Amargo');
INSERT INTO "TipoTrufa" ("id_tipo_trufa","tipo_trufa") VALUES (3,'Branco');
INSERT INTO "TipoTrufa" ("id_tipo_trufa","tipo_trufa") VALUES (4,'Sem Açúcar');
INSERT INTO "TipoTrufa" ("id_tipo_trufa","tipo_trufa") VALUES (5,'Vegana');
INSERT INTO "TipoTrufa" ("id_tipo_trufa","tipo_trufa") VALUES (6,'Diet');
INSERT INTO "TipoTrufa" ("id_tipo_trufa","tipo_trufa") VALUES (7,'Zero Lactose');
INSERT INTO "TipoTrufa" ("id_tipo_trufa","tipo_trufa") VALUES (8,'Com Licor');
INSERT INTO "TipoTrufa" ("id_tipo_trufa","tipo_trufa") VALUES (9,'Fit');
INSERT INTO "TipoTrufa" ("id_tipo_trufa","tipo_trufa") VALUES (10,'Recheada');
INSERT INTO "TipoTrufa" ("id_tipo_trufa","tipo_trufa") VALUES (11,'Tradicional');
INSERT INTO "TipoTrufa" ("id_tipo_trufa","tipo_trufa") VALUES (12,'Infantil');
INSERT INTO "TipoTrufa" ("id_tipo_trufa","tipo_trufa") VALUES (13,'Premium');
INSERT INTO "TipoTrufa" ("id_tipo_trufa","tipo_trufa") VALUES (14,'Pimenta');
INSERT INTO "TipoTrufa" ("id_tipo_trufa","tipo_trufa") VALUES (15,'Especial');
INSERT INTO "TipoTrufa" ("id_tipo_trufa","tipo_trufa") VALUES (16,'Festa');
INSERT INTO "TipoTrufa" ("id_tipo_trufa","tipo_trufa") VALUES (17,'Saudável');
INSERT INTO "TipoTrufa" ("id_tipo_trufa","tipo_trufa") VALUES (18,'Exótica');
INSERT INTO "TipoTrufa" ("id_tipo_trufa","tipo_trufa") VALUES (19,'Baunilha');
INSERT INTO "TipoTrufa" ("id_tipo_trufa","tipo_trufa") VALUES (20,'Frutada');
INSERT INTO "Trufa" ("id_trufa","id_tipo_trufa","id_sabor_trufa","preco","estoque") VALUES (1,1,1,5.0,100);
INSERT INTO "Trufa" ("id_trufa","id_tipo_trufa","id_sabor_trufa","preco","estoque") VALUES (2,2,2,2.7,120);
INSERT INTO "Trufa" ("id_trufa","id_tipo_trufa","id_sabor_trufa","preco","estoque") VALUES (3,3,3,2.6,90);
INSERT INTO "Trufa" ("id_trufa","id_tipo_trufa","id_sabor_trufa","preco","estoque") VALUES (4,4,4,2.8,110);
INSERT INTO "Trufa" ("id_trufa","id_tipo_trufa","id_sabor_trufa","preco","estoque") VALUES (5,5,5,3.0,95);
INSERT INTO "Trufa" ("id_trufa","id_tipo_trufa","id_sabor_trufa","preco","estoque") VALUES (6,6,6,2.9,105);
INSERT INTO "Trufa" ("id_trufa","id_tipo_trufa","id_sabor_trufa","preco","estoque") VALUES (7,7,7,3.2,85);
INSERT INTO "Trufa" ("id_trufa","id_tipo_trufa","id_sabor_trufa","preco","estoque") VALUES (8,8,8,3.4,75);
INSERT INTO "Trufa" ("id_trufa","id_tipo_trufa","id_sabor_trufa","preco","estoque") VALUES (9,9,9,3.1,100);
INSERT INTO "Trufa" ("id_trufa","id_tipo_trufa","id_sabor_trufa","preco","estoque") VALUES (10,10,10,3.3,70);
INSERT INTO "Trufa" ("id_trufa","id_tipo_trufa","id_sabor_trufa","preco","estoque") VALUES (11,11,11,2.5,100);
INSERT INTO "Trufa" ("id_trufa","id_tipo_trufa","id_sabor_trufa","preco","estoque") VALUES (12,12,12,2.7,100);
INSERT INTO "Trufa" ("id_trufa","id_tipo_trufa","id_sabor_trufa","preco","estoque") VALUES (13,13,13,3.5,80);
INSERT INTO "Trufa" ("id_trufa","id_tipo_trufa","id_sabor_trufa","preco","estoque") VALUES (14,14,14,3.6,60);
INSERT INTO "Trufa" ("id_trufa","id_tipo_trufa","id_sabor_trufa","preco","estoque") VALUES (15,15,15,3.8,50);
INSERT INTO "Trufa" ("id_trufa","id_tipo_trufa","id_sabor_trufa","preco","estoque") VALUES (16,16,16,2.9,100);
INSERT INTO "Trufa" ("id_trufa","id_tipo_trufa","id_sabor_trufa","preco","estoque") VALUES (17,17,17,3.0,100);
INSERT INTO "Trufa" ("id_trufa","id_tipo_trufa","id_sabor_trufa","preco","estoque") VALUES (18,18,18,3.1,100);
INSERT INTO "Trufa" ("id_trufa","id_tipo_trufa","id_sabor_trufa","preco","estoque") VALUES (19,19,19,2.6,100);
COMMIT;
